MAPE,RMSE,R2,Model,Order
0.196276078724521,11.061209257468372,-2.8111820018607605,ARIMA,"(0, 1, 0)"
