MAPE,RMSE,R2,Model
0.14584746183770844,8.902601902288183,-1.8342151800971704,LSTM_Attention
